"","choice","service","household","cost"
"1",FALSE,"budget",1,1.7613
"2",FALSE,"extended",1,13.816
"3",FALSE,"local",1,2.5455
"4",FALSE,"metro",1,3.1476
"5",TRUE,"standard",1,1.7544
"6",FALSE,"budget",2,1.2585
"7",FALSE,"extended",2,13.816
"8",TRUE,"local",2,2.508
"9",FALSE,"metro",2,3.1476
"10",FALSE,"standard",2,1.7544
"11",TRUE,"budget",3,1.6273
"12",FALSE,"extended",3,13.816
"13",FALSE,"local",3,2.4397
"14",FALSE,"metro",3,3.3422
"15",FALSE,"standard",3,1.7544
"16",FALSE,"budget",4,1.5581
"17",FALSE,"extended",4,13.816
"18",TRUE,"local",4,2.3476
"19",FALSE,"metro",4,3.3422
"20",FALSE,"standard",4,1.7544
"21",FALSE,"budget",5,2.1459
"22",FALSE,"extended",5,13.816
"23",TRUE,"local",5,2.6624
"24",FALSE,"metro",5,3.3422
"25",FALSE,"standard",5,1.953
"26",FALSE,"budget",6,2.7788
"27",FALSE,"extended",6,13.816
"28",TRUE,"local",6,2.5734
"29",FALSE,"metro",6,3.3422
"30",FALSE,"standard",6,2.681
"31",FALSE,"budget",7,1.6273
"32",FALSE,"extended",7,13.816
"33",TRUE,"local",7,2.4782
"34",FALSE,"metro",7,3.3422
"35",FALSE,"standard",7,1.7544
"36",TRUE,"budget",8,1.2119
"37",FALSE,"extended",8,13.816
"38",FALSE,"local",8,2.3283
"39",FALSE,"metro",8,3.3422
"40",FALSE,"standard",8,1.7544
"41",FALSE,"budget",9,3.5522
"42",FALSE,"extended",9,13.816
"43",FALSE,"local",9,3.6428
"44",TRUE,"metro",9,3.3422
"45",FALSE,"standard",9,3.5083
"46",FALSE,"budget",10,3.1281
"47",FALSE,"extended",10,13.816
"48",TRUE,"local",10,3.2344
"49",FALSE,"metro",10,3.3422
"50",FALSE,"standard",10,3.0601
"51",FALSE,"budget",11,1.1878
"52",FALSE,"extended",11,13.816
"53",FALSE,"local",11,2.3204
"54",TRUE,"metro",11,3.3422
"55",FALSE,"standard",11,1.7544
"56",FALSE,"budget",12,2.4301
"57",FALSE,"extended",12,13.816
"58",TRUE,"local",12,2.897
"59",FALSE,"metro",12,3.3422
"60",FALSE,"standard",12,2.2885
"61",FALSE,"budget",13,2.4051
"62",FALSE,"extended",13,13.816
"63",FALSE,"local",13,2.8414
"64",TRUE,"metro",13,3.3422
"65",FALSE,"standard",13,2.2597
"66",FALSE,"budget",14,2.7788
"67",FALSE,"extended",14,13.816
"68",TRUE,"local",14,2.3204
"69",FALSE,"metro",14,13.816
"70",FALSE,"standard",14,2.681
"71",FALSE,"budget",15,1.7228
"72",FALSE,"extended",15,13.816
"73",FALSE,"local",15,2.3204
"74",FALSE,"metro",15,13.816
"75",TRUE,"standard",15,1.7544
"76",TRUE,"budget",16,1.4398
"77",FALSE,"extended",16,13.816
"78",FALSE,"local",16,2.3204
"79",FALSE,"metro",16,13.816
"80",FALSE,"standard",16,1.7544
"81",FALSE,"budget",17,2.1005
"82",FALSE,"extended",17,13.816
"83",TRUE,"local",17,2.3204
"84",FALSE,"metro",17,13.816
"85",FALSE,"standard",17,1.8976
"86",FALSE,"budget",18,1.8825
"87",FALSE,"extended",18,13.816
"88",FALSE,"local",18,2.3204
"89",FALSE,"metro",18,13.816
"90",TRUE,"standard",18,1.7544
"91",FALSE,"budget",19,1.6351
"92",FALSE,"extended",19,13.816
"93",FALSE,"local",19,2.3204
"94",FALSE,"metro",19,13.816
"95",TRUE,"standard",19,1.7544
"96",FALSE,"budget",20,2.7625
"97",FALSE,"extended",20,13.816
"98",TRUE,"local",20,2.3204
"99",FALSE,"metro",20,13.816
"100",FALSE,"standard",20,2.6631
"101",FALSE,"budget",21,3.7556
"102",FALSE,"extended",21,13.816
"103",TRUE,"local",21,3.9052
"104",FALSE,"metro",21,3.3422
"105",FALSE,"standard",21,3.7199
"106",TRUE,"budget",22,1.2499
"107",FALSE,"extended",22,13.816
"108",FALSE,"local",22,2.3204
"109",FALSE,"metro",22,3.3422
"110",FALSE,"standard",22,1.7544
"111",TRUE,"budget",23,1.4446
"112",FALSE,"extended",23,13.816
"113",FALSE,"local",23,2.3389
"114",FALSE,"metro",23,3.3422
"115",FALSE,"standard",23,1.7544
"116",FALSE,"budget",24,1.7834
"117",FALSE,"extended",24,13.816
"118",TRUE,"local",24,2.3283
"119",FALSE,"metro",24,3.3422
"120",FALSE,"standard",24,1.7544
"121",FALSE,"budget",25,1.1878
"122",FALSE,"extended",25,13.816
"123",TRUE,"local",25,2.3204
"124",FALSE,"metro",25,3.3422
"125",FALSE,"standard",25,1.7544
"126",FALSE,"budget",26,4.6021
"127",FALSE,"extended",26,13.816
"128",FALSE,"local",26,4.6607
"129",TRUE,"metro",26,3.3422
"130",FALSE,"standard",26,4.5869
"131",FALSE,"budget",27,1.839
"132",FALSE,"extended",27,13.816
"133",TRUE,"local",27,2.5779
"134",FALSE,"metro",27,3.3422
"135",FALSE,"standard",27,1.7544
"136",FALSE,"budget",28,1.5748
"137",FALSE,"extended",28,13.816
"138",TRUE,"local",28,2.438
"139",FALSE,"metro",28,3.3422
"140",FALSE,"standard",28,1.7544
"141",FALSE,"budget",29,1.5994
"142",FALSE,"extended",29,13.816
"143",TRUE,"local",29,2.4544
"144",FALSE,"metro",29,3.3422
"145",FALSE,"standard",29,1.7544
"146",FALSE,"budget",30,1.5851
"147",FALSE,"extended",30,13.816
"148",TRUE,"local",30,2.4604
"149",FALSE,"metro",30,3.3422
"150",FALSE,"standard",30,1.7544
"151",TRUE,"budget",31,1.5581
"152",FALSE,"extended",31,13.816
"153",FALSE,"local",31,2.406
"154",FALSE,"metro",31,3.3422
"155",FALSE,"standard",31,1.7544
"156",FALSE,"budget",32,1.4516
"157",FALSE,"extended",32,13.816
"158",FALSE,"local",32,2.3749
"159",TRUE,"metro",32,3.3422
"160",FALSE,"standard",32,1.7544
"161",FALSE,"budget",33,2.3552
"162",FALSE,"extended",33,13.816
"163",TRUE,"local",33,2.8507
"164",FALSE,"metro",33,3.3422
"165",FALSE,"standard",33,2.2017
"166",FALSE,"budget",34,1.4516
"167",FALSE,"extended",34,13.816
"168",TRUE,"local",34,2.3786
"169",FALSE,"metro",34,3.3422
"170",FALSE,"standard",34,1.7544
"171",FALSE,"budget",35,2.4406
"172",FALSE,"extended",35,13.816
"173",TRUE,"local",35,2.6865
"174",FALSE,"metro",35,3.3422
"175",FALSE,"standard",35,2.3006
"176",FALSE,"budget",36,1.4036
"177",FALSE,"extended",36,13.816
"178",FALSE,"local",36,2.3495
"179",FALSE,"metro",36,3.3422
"180",TRUE,"standard",36,1.7544
"181",TRUE,"budget",37,1.1878
"182",FALSE,"extended",37,13.816
"183",FALSE,"local",37,2.3204
"184",FALSE,"metro",37,3.3422
"185",FALSE,"standard",37,1.7544
"186",FALSE,"budget",38,3.2092
"187",FALSE,"extended",38,13.816
"188",TRUE,"local",38,3.3499
"189",FALSE,"metro",38,3.3422
"190",FALSE,"standard",38,3.1467
"191",FALSE,"budget",39,3.2249
"192",FALSE,"extended",39,13.816
"193",FALSE,"local",39,3.3304
"194",TRUE,"metro",39,3.3422
"195",FALSE,"standard",39,3.1634
"196",FALSE,"budget",40,1.2413
"197",FALSE,"extended",40,13.816
"198",TRUE,"local",40,2.3312
"199",FALSE,"metro",40,3.3422
"200",FALSE,"standard",40,1.7544
"201",FALSE,"budget",41,1.3271
"202",FALSE,"extended",41,13.816
"203",TRUE,"local",41,2.3204
"204",FALSE,"metro",41,3.3422
"205",FALSE,"standard",41,1.7544
"206",FALSE,"budget",42,2.3561
"207",FALSE,"extended",42,13.816
"208",TRUE,"local",42,2.8166
"209",FALSE,"metro",42,3.3422
"210",FALSE,"standard",42,2.2028
"211",FALSE,"budget",43,2.161
"212",FALSE,"extended",43,13.816
"213",FALSE,"local",43,2.6115
"214",FALSE,"metro",43,3.1476
"215",TRUE,"standard",43,1.9713
"216",FALSE,"budget",44,1.2296
"217",FALSE,"extended",44,13.816
"218",FALSE,"local",44,2.508
"219",FALSE,"metro",44,3.1476
"220",TRUE,"standard",44,1.7544
"221",FALSE,"budget",45,2.1679
"222",FALSE,"extended",45,13.816
"223",FALSE,"local",45,2.5688
"224",FALSE,"metro",45,3.1476
"225",TRUE,"standard",45,1.9796
"226",FALSE,"budget",46,2.3878
"227",FALSE,"extended",46,13.816
"228",TRUE,"local",46,2.5112
"229",FALSE,"metro",46,3.6449
"230",FALSE,"standard",46,2.2396
"231",FALSE,"budget",47,4.689
"232",FALSE,"extended",47,13.816
"233",FALSE,"local",47,4.6711
"234",TRUE,"metro",47,3.6449
"235",FALSE,"standard",47,4.6751
"236",FALSE,"budget",48,2.0707
"237",FALSE,"extended",48,13.816
"238",TRUE,"local",48,2.3961
"239",FALSE,"metro",48,3.6449
"240",FALSE,"standard",48,1.884
"241",FALSE,"budget",49,3.0956
"242",FALSE,"extended",49,13.816
"243",FALSE,"local",49,3.329
"244",TRUE,"metro",49,3.1476
"245",FALSE,"standard",49,3.0253
"246",FALSE,"budget",50,1.8213
"247",FALSE,"extended",50,13.816
"248",FALSE,"local",50,2.508
"249",FALSE,"metro",50,3.1476
"250",TRUE,"standard",50,1.7544
"251",FALSE,"budget",51,1.7561
"252",FALSE,"extended",51,13.816
"253",TRUE,"local",51,2.5241
"254",FALSE,"metro",51,3.1476
"255",FALSE,"standard",51,1.7544
"256",FALSE,"budget",52,2.1471
"257",FALSE,"extended",52,13.816
"258",TRUE,"local",52,2.5673
"259",FALSE,"metro",52,3.1476
"260",FALSE,"standard",52,1.9544
"261",TRUE,"budget",53,1.6956
"262",FALSE,"extended",53,13.816
"263",FALSE,"local",53,2.508
"264",FALSE,"metro",53,3.1476
"265",FALSE,"standard",53,1.7544
"266",FALSE,"budget",54,2.6391
"267",FALSE,"extended",54,13.816
"268",FALSE,"local",54,2.5757
"269",FALSE,"metro",54,3.1476
"270",TRUE,"standard",54,2.5257
"271",FALSE,"budget",55,2.9622
"272",FALSE,"extended",55,13.816
"273",TRUE,"local",55,2.568
"274",FALSE,"metro",55,3.1476
"275",FALSE,"standard",55,2.8814
"276",FALSE,"budget",56,1.5933
"277",FALSE,"extended",56,13.816
"278",TRUE,"local",56,2.5273
"279",FALSE,"metro",56,3.1476
"280",FALSE,"standard",56,1.7544
"281",FALSE,"budget",57,2.4924
"282",FALSE,"extended",57,13.816
"283",TRUE,"local",57,2.5726
"284",FALSE,"metro",57,3.1476
"285",FALSE,"standard",57,2.3599
"286",FALSE,"budget",58,3.2496
"287",FALSE,"extended",58,13.816
"288",FALSE,"local",58,3.4651
"289",TRUE,"metro",58,3.3422
"290",FALSE,"standard",58,3.1897
"291",FALSE,"budget",59,1.6919
"292",FALSE,"extended",59,13.816
"293",FALSE,"local",59,2.4891
"294",FALSE,"metro",59,3.3422
"295",TRUE,"standard",59,1.7544
"296",FALSE,"budget",60,2.0096
"297",FALSE,"extended",60,13.816
"298",FALSE,"local",60,2.6398
"299",TRUE,"metro",60,3.3422
"300",FALSE,"standard",60,1.7851
"301",FALSE,"budget",61,1.3083
"302",FALSE,"extended",61,13.816
"303",TRUE,"local",61,2.3204
"304",FALSE,"metro",61,3.3422
"305",FALSE,"standard",61,1.7544
"306",TRUE,"budget",62,2.3476
"307",FALSE,"extended",62,13.816
"308",FALSE,"local",62,2.6973
"309",FALSE,"metro",62,3.3422
"310",FALSE,"standard",62,2.1928
"311",FALSE,"budget",63,2.6953
"312",FALSE,"extended",63,13.816
"313",FALSE,"local",63,2.9796
"314",TRUE,"metro",63,3.3422
"315",FALSE,"standard",63,2.5885
"316",FALSE,"budget",64,3.1604
"317",FALSE,"extended",64,13.816
"318",FALSE,"local",64,3.3541
"319",TRUE,"metro",64,3.3422
"320",FALSE,"standard",64,3.0947
"321",FALSE,"budget",65,1.911
"322",FALSE,"extended",65,13.816
"323",TRUE,"local",65,2.4774
"324",FALSE,"metro",65,3.3422
"325",FALSE,"standard",65,1.7544
"326",FALSE,"budget",66,2.0681
"327",FALSE,"extended",66,13.816
"328",TRUE,"local",66,2.599
"329",FALSE,"metro",66,3.3422
"330",FALSE,"standard",66,1.8579
"331",FALSE,"budget",67,2.6012
"332",FALSE,"extended",67,13.816
"333",TRUE,"local",67,2.7997
"334",FALSE,"metro",67,3.3422
"335",FALSE,"standard",67,2.4832
"336",FALSE,"budget",68,2.5703
"337",TRUE,"extended",68,2.3495
"338",FALSE,"local",68,2.8662
"339",FALSE,"metro",68,3.6449
"340",FALSE,"standard",68,2.6993
"341",FALSE,"budget",69,4.6627
"342",FALSE,"extended",69,4.4109
"343",FALSE,"local",69,4.7014
"344",TRUE,"metro",69,3.6449
"345",FALSE,"standard",69,4.6766
"346",FALSE,"budget",70,6.0719
"347",FALSE,"extended",70,6.0708
"348",FALSE,"local",70,6.0765
"349",TRUE,"metro",70,3.6449
"350",FALSE,"standard",70,6.0703
"351",TRUE,"budget",71,2.5997
"352",FALSE,"extended",71,2.9832
"353",FALSE,"local",71,2.8764
"354",FALSE,"metro",71,3.6449
"355",FALSE,"standard",71,2.7114
"356",FALSE,"budget",72,4.9478
"357",FALSE,"extended",72,4.9391
"358",FALSE,"local",72,4.9774
"359",TRUE,"metro",72,3.6449
"360",FALSE,"standard",72,4.9586
"361",TRUE,"budget",73,1.4816
"362",FALSE,"extended",73,13.816
"363",FALSE,"local",73,2.3204
"364",FALSE,"metro",73,13.816
"365",FALSE,"standard",73,1.7544
"366",FALSE,"budget",74,1.3888
"367",FALSE,"extended",74,13.816
"368",FALSE,"local",74,2.3204
"369",FALSE,"metro",74,13.816
"370",TRUE,"standard",74,1.7544
"371",FALSE,"budget",75,2.127
"372",FALSE,"extended",75,13.816
"373",TRUE,"local",75,2.3204
"374",FALSE,"metro",75,13.816
"375",FALSE,"standard",75,1.9301
"376",TRUE,"budget",76,1.3987
"377",FALSE,"extended",76,13.816
"378",FALSE,"local",76,2.3204
"379",FALSE,"metro",76,13.816
"380",FALSE,"standard",76,1.7544
"381",TRUE,"budget",77,1.3083
"382",FALSE,"extended",77,13.816
"383",FALSE,"local",77,2.3204
"384",FALSE,"metro",77,13.816
"385",FALSE,"standard",77,1.7544
"386",FALSE,"budget",78,3.0287
"387",FALSE,"extended",78,13.816
"388",TRUE,"local",78,2.3204
"389",FALSE,"metro",78,13.816
"390",FALSE,"standard",78,2.9533
"391",FALSE,"budget",79,1.6956
"392",FALSE,"extended",79,13.816
"393",TRUE,"local",79,2.3204
"394",FALSE,"metro",79,13.816
"395",FALSE,"standard",79,1.7544
"396",FALSE,"budget",80,1.6827
"397",FALSE,"extended",80,13.816
"398",FALSE,"local",80,2.3204
"399",FALSE,"metro",80,13.816
"400",TRUE,"standard",80,1.7544
"401",TRUE,"budget",81,1.7334
"402",FALSE,"extended",81,13.816
"403",FALSE,"local",81,2.3204
"404",FALSE,"metro",81,13.816
"405",FALSE,"standard",81,1.7544
"406",TRUE,"budget",82,1.5063
"407",FALSE,"extended",82,13.816
"408",FALSE,"local",82,2.5557
"409",FALSE,"metro",82,3.1476
"410",FALSE,"standard",82,1.7544
"411",FALSE,"budget",83,2.0669
"412",FALSE,"extended",83,13.816
"413",FALSE,"local",83,2.7272
"414",FALSE,"metro",83,3.1476
"415",TRUE,"standard",83,1.8563
"416",TRUE,"budget",84,2.3263
"417",FALSE,"extended",84,13.816
"418",FALSE,"local",84,2.3204
"419",FALSE,"metro",84,13.816
"420",FALSE,"standard",84,2.1679
"421",FALSE,"budget",85,1.9685
"422",FALSE,"extended",85,13.816
"423",FALSE,"local",85,2.3204
"424",FALSE,"metro",85,13.816
"425",TRUE,"standard",85,1.7544
"426",FALSE,"budget",86,2.0528
"427",FALSE,"extended",86,13.816
"428",TRUE,"local",86,2.3204
"429",FALSE,"metro",86,13.816
"430",FALSE,"standard",86,1.839
"431",FALSE,"budget",87,2.0528
"432",FALSE,"extended",87,13.816
"433",FALSE,"local",87,2.3204
"434",FALSE,"metro",87,13.816
"435",TRUE,"standard",87,1.839
"436",FALSE,"budget",88,2.7676
"437",FALSE,"extended",88,13.816
"438",TRUE,"local",88,2.6546
"439",FALSE,"metro",88,3.1476
"440",FALSE,"standard",88,2.6686
"441",FALSE,"budget",89,2.714
"442",FALSE,"extended",89,13.816
"443",TRUE,"local",89,2.508
"444",FALSE,"metro",89,3.1476
"445",FALSE,"standard",89,2.6093
"446",FALSE,"budget",90,2.2732
"447",FALSE,"extended",90,13.816
"448",TRUE,"local",90,2.593
"449",FALSE,"metro",90,3.1476
"450",FALSE,"standard",90,2.1054
"451",FALSE,"budget",91,1.1878
"452",FALSE,"extended",91,13.816
"453",FALSE,"local",91,2.508
"454",FALSE,"metro",91,3.1476
"455",TRUE,"standard",91,1.7544
"456",FALSE,"budget",92,4.022
"457",FALSE,"extended",92,3.7381
"458",FALSE,"local",92,3.7709
"459",TRUE,"metro",92,3.6449
"460",FALSE,"standard",92,3.9947
"461",FALSE,"budget",93,1.8099
"462",TRUE,"extended",93,2.4681
"463",FALSE,"local",93,2.4257
"464",FALSE,"metro",93,3.6449
"465",FALSE,"standard",93,2.1529
"466",FALSE,"budget",94,1.9516
"467",FALSE,"extended",94,13.816
"468",FALSE,"local",94,2.3204
"469",FALSE,"metro",94,13.816
"470",TRUE,"standard",94,1.7544
"471",TRUE,"budget",95,1.2698
"472",FALSE,"extended",95,13.816
"473",FALSE,"local",95,2.3204
"474",FALSE,"metro",95,13.816
"475",FALSE,"standard",95,1.7544
"476",TRUE,"budget",96,1.7579
"477",FALSE,"extended",96,13.816
"478",FALSE,"local",96,2.3204
"479",FALSE,"metro",96,13.816
"480",FALSE,"standard",96,1.7544
"481",FALSE,"budget",97,2.6433
"482",FALSE,"extended",97,13.816
"483",TRUE,"local",97,2.3204
"484",FALSE,"metro",97,13.816
"485",FALSE,"standard",97,2.5305
"486",FALSE,"budget",98,2.5619
"487",FALSE,"extended",98,2.4527
"488",TRUE,"local",98,2.4006
"489",FALSE,"metro",98,3.6449
"490",FALSE,"standard",98,2.4389
"491",FALSE,"budget",99,2.4757
"492",FALSE,"extended",99,13.816
"493",TRUE,"local",99,2.3204
"494",FALSE,"metro",99,13.816
"495",FALSE,"standard",99,2.3408
"496",FALSE,"budget",100,3.0974
"497",FALSE,"extended",100,13.816
"498",FALSE,"local",100,3.2527
"499",TRUE,"metro",100,3.3422
"500",FALSE,"standard",100,3.0272
"501",TRUE,"budget",101,2.4973
"502",FALSE,"extended",101,13.816
"503",FALSE,"local",101,2.8094
"504",FALSE,"metro",101,3.3422
"505",FALSE,"standard",101,2.3656
"506",FALSE,"budget",102,2.7942
"507",FALSE,"extended",102,13.816
"508",TRUE,"local",102,2.9882
"509",FALSE,"metro",102,3.3422
"510",FALSE,"standard",102,2.698
"511",FALSE,"budget",103,3.4858
"512",FALSE,"extended",103,13.816
"513",FALSE,"local",103,3.4998
"514",TRUE,"metro",103,3.3422
"515",FALSE,"standard",103,3.4388
"516",FALSE,"budget",104,1.9615
"517",FALSE,"extended",104,13.816
"518",TRUE,"local",104,2.4791
"519",FALSE,"metro",104,3.3422
"520",FALSE,"standard",104,1.7544
"521",TRUE,"budget",105,1.411
"522",FALSE,"extended",105,13.816
"523",FALSE,"local",105,2.3389
"524",FALSE,"metro",105,3.3422
"525",FALSE,"standard",105,1.7544
"526",TRUE,"budget",106,1.2892
"527",FALSE,"extended",106,13.816
"528",FALSE,"local",106,2.3204
"529",FALSE,"metro",106,3.3422
"530",FALSE,"standard",106,1.7544
"531",FALSE,"budget",107,3.101
"532",FALSE,"extended",107,13.816
"533",FALSE,"local",107,3.3365
"534",TRUE,"metro",107,3.3422
"535",FALSE,"standard",107,3.0311
"536",FALSE,"budget",108,1.8976
"537",FALSE,"extended",108,13.816
"538",FALSE,"local",108,2.59
"539",FALSE,"metro",108,3.3422
"540",TRUE,"standard",108,1.7544
"541",FALSE,"budget",109,2.4698
"542",FALSE,"extended",109,13.816
"543",FALSE,"local",109,2.9069
"544",FALSE,"metro",109,3.3422
"545",TRUE,"standard",109,2.3341
"546",FALSE,"budget",110,2.4319
"547",FALSE,"extended",110,13.816
"548",TRUE,"local",110,2.8826
"549",FALSE,"metro",110,3.3422
"550",FALSE,"standard",110,2.2905
"551",FALSE,"budget",111,2.9735
"552",FALSE,"extended",111,13.816
"553",TRUE,"local",111,2.8668
"554",FALSE,"metro",111,3.3422
"555",FALSE,"standard",111,2.8937
"556",FALSE,"budget",112,1.9199
"557",FALSE,"extended",112,13.816
"558",FALSE,"local",112,2.6086
"559",TRUE,"metro",112,3.3422
"560",FALSE,"standard",112,1.7544
"561",FALSE,"budget",113,2.7651
"562",FALSE,"extended",113,13.816
"563",FALSE,"local",113,3.0699
"564",TRUE,"metro",113,3.3422
"565",FALSE,"standard",113,2.6658
"566",FALSE,"budget",114,2.2762
"567",FALSE,"extended",114,13.816
"568",FALSE,"local",114,2.5265
"569",FALSE,"metro",114,3.3422
"570",TRUE,"standard",114,2.109
"571",FALSE,"budget",115,1.8229
"572",FALSE,"extended",115,13.816
"573",TRUE,"local",115,2.508
"574",FALSE,"metro",115,3.1476
"575",FALSE,"standard",115,1.7544
"576",FALSE,"budget",116,3.325
"577",FALSE,"extended",116,13.816
"578",FALSE,"local",116,3.383
"579",TRUE,"metro",116,3.1476
"580",FALSE,"standard",116,3.2696
"581",FALSE,"budget",117,2.9328
"582",FALSE,"extended",117,13.816
"583",TRUE,"local",117,2.5273
"584",FALSE,"metro",117,3.1476
"585",FALSE,"standard",117,2.8495
"586",FALSE,"budget",118,2.0956
"587",FALSE,"extended",118,13.816
"588",FALSE,"local",118,2.6561
"589",FALSE,"metro",118,3.1476
"590",TRUE,"standard",118,1.8916
"591",TRUE,"budget",119,1.1878
"592",FALSE,"extended",119,13.816
"593",FALSE,"local",119,2.508
"594",FALSE,"metro",119,3.1476
"595",FALSE,"standard",119,1.7544
"596",FALSE,"budget",120,2.5665
"597",FALSE,"extended",120,13.816
"598",FALSE,"local",120,2.8148
"599",FALSE,"metro",120,3.1476
"600",TRUE,"standard",120,2.4441
"601",FALSE,"budget",121,2.0373
"602",FALSE,"extended",121,13.816
"603",FALSE,"local",121,2.5233
"604",FALSE,"metro",121,3.1476
"605",TRUE,"standard",121,1.8197
"606",TRUE,"budget",122,1.2892
"607",FALSE,"extended",122,13.816
"608",FALSE,"local",122,2.508
"609",FALSE,"metro",122,3.1476
"610",FALSE,"standard",122,1.7544
"611",FALSE,"budget",123,3.641
"612",FALSE,"extended",123,13.816
"613",FALSE,"local",123,3.7892
"614",TRUE,"metro",123,3.3422
"615",FALSE,"standard",123,3.6009
"616",FALSE,"budget",124,1.7817
"617",FALSE,"extended",124,13.816
"618",TRUE,"local",124,2.4123
"619",FALSE,"metro",124,3.3422
"620",FALSE,"standard",124,1.7544
"621",FALSE,"budget",125,2.5321
"622",FALSE,"extended",125,13.816
"623",TRUE,"local",125,2.3988
"624",FALSE,"metro",125,3.3422
"625",FALSE,"standard",125,2.4051
"626",FALSE,"budget",126,2.7007
"627",FALSE,"extended",126,13.816
"628",TRUE,"local",126,2.4866
"629",FALSE,"metro",126,3.3422
"630",FALSE,"standard",126,2.5945
"631",FALSE,"budget",127,1.7011
"632",FALSE,"extended",127,13.816
"633",FALSE,"local",127,2.4723
"634",TRUE,"metro",127,3.3422
"635",FALSE,"standard",127,1.7544
"636",FALSE,"budget",128,1.5748
"637",FALSE,"extended",128,13.816
"638",TRUE,"local",128,2.4319
"639",FALSE,"metro",128,3.3422
"640",FALSE,"standard",128,1.7544
"641",FALSE,"budget",129,3.2088
"642",FALSE,"extended",129,13.816
"643",FALSE,"local",129,3.0229
"644",TRUE,"metro",129,3.1476
"645",FALSE,"standard",129,3.1463
"646",FALSE,"budget",130,3.8084
"647",FALSE,"extended",130,13.816
"648",FALSE,"local",130,3.9138
"649",FALSE,"metro",130,3.3422
"650",TRUE,"standard",130,3.7746
"651",FALSE,"budget",131,1.2267
"652",FALSE,"extended",131,13.816
"653",TRUE,"local",131,2.3263
"654",FALSE,"metro",131,3.3422
"655",FALSE,"standard",131,1.7544
"656",FALSE,"budget",132,1.4398
"657",FALSE,"extended",132,13.816
"658",TRUE,"local",132,2.3204
"659",FALSE,"metro",132,3.3422
"660",FALSE,"standard",132,1.7544
"661",TRUE,"budget",133,1.209
"662",FALSE,"extended",133,13.816
"663",FALSE,"local",133,2.3204
"664",FALSE,"metro",133,3.3422
"665",FALSE,"standard",133,1.7544
"666",FALSE,"budget",134,1.4563
"667",FALSE,"extended",134,13.816
"668",TRUE,"local",134,2.3204
"669",FALSE,"metro",134,3.3422
"670",FALSE,"standard",134,1.7544
"671",FALSE,"budget",135,1.4586
"672",FALSE,"extended",135,13.816
"673",TRUE,"local",135,2.4159
"674",FALSE,"metro",135,3.3422
"675",FALSE,"standard",135,1.7544
"676",FALSE,"budget",136,1.3218
"677",FALSE,"extended",136,13.816
"678",TRUE,"local",136,2.3656
"679",FALSE,"metro",136,3.3422
"680",FALSE,"standard",136,1.7544
"681",FALSE,"budget",137,2.1247
"682",FALSE,"extended",137,13.816
"683",TRUE,"local",137,2.6644
"684",FALSE,"metro",137,3.3422
"685",FALSE,"standard",137,1.9272
"686",FALSE,"budget",138,1.4134
"687",FALSE,"extended",138,13.816
"688",TRUE,"local",138,2.3533
"689",FALSE,"metro",138,3.3422
"690",FALSE,"standard",138,1.7544
"691",FALSE,"budget",139,2.7187
"692",FALSE,"extended",139,13.816
"693",TRUE,"local",139,2.5384
"694",FALSE,"metro",139,3.1476
"695",FALSE,"standard",139,2.6145
"696",TRUE,"budget",140,1.6658
"697",FALSE,"extended",140,13.816
"698",FALSE,"local",140,2.3952
"699",FALSE,"metro",140,3.3422
"700",FALSE,"standard",140,1.7544
"701",FALSE,"budget",141,2.5487
"702",FALSE,"extended",141,13.816
"703",TRUE,"local",141,2.5688
"704",FALSE,"metro",141,3.3422
"705",FALSE,"standard",141,2.4239
"706",FALSE,"budget",142,1.9095
"707",FALSE,"extended",142,13.816
"708",TRUE,"local",142,2.5305
"709",FALSE,"metro",142,3.3422
"710",FALSE,"standard",142,1.7544
"711",FALSE,"budget",143,1.8856
"712",FALSE,"extended",143,13.816
"713",FALSE,"local",143,2.508
"714",FALSE,"metro",143,3.1476
"715",TRUE,"standard",143,1.7544
"716",FALSE,"budget",144,3.0243
"717",FALSE,"extended",144,13.816
"718",TRUE,"local",144,2.6483
"719",FALSE,"metro",144,3.1476
"720",FALSE,"standard",144,2.9486
"721",FALSE,"budget",145,1.2837
"722",FALSE,"extended",145,13.816
"723",TRUE,"local",145,2.3321
"724",FALSE,"metro",145,3.3422
"725",FALSE,"standard",145,1.7544
"726",FALSE,"budget",146,1.6715
"727",FALSE,"extended",146,13.816
"728",TRUE,"local",146,2.4527
"729",FALSE,"metro",146,3.3422
"730",FALSE,"standard",146,1.7544
"731",FALSE,"budget",147,2.4791
"732",FALSE,"extended",147,13.816
"733",FALSE,"local",147,2.9129
"734",TRUE,"metro",147,3.3422
"735",FALSE,"standard",147,2.3447
"736",FALSE,"budget",148,2.1599
"737",FALSE,"extended",148,13.816
"738",TRUE,"local",148,2.6803
"739",FALSE,"metro",148,3.3422
"740",FALSE,"standard",148,1.9699
"741",FALSE,"budget",149,3.6144
"742",FALSE,"extended",149,13.816
"743",FALSE,"local",149,3.7614
"744",TRUE,"metro",149,3.3422
"745",FALSE,"standard",149,3.5732
"746",FALSE,"budget",150,3.5216
"747",FALSE,"extended",150,13.816
"748",FALSE,"local",150,3.6378
"749",TRUE,"metro",150,3.3422
"750",FALSE,"standard",150,3.4763
"751",TRUE,"budget",151,1.2296
"752",FALSE,"extended",151,13.816
"753",FALSE,"local",151,2.3204
"754",FALSE,"metro",151,3.3422
"755",FALSE,"standard",151,1.7544
"756",FALSE,"budget",152,2.0412
"757",FALSE,"extended",152,13.816
"758",TRUE,"local",152,2.3204
"759",FALSE,"metro",152,13.816
"760",FALSE,"standard",152,1.8245
"761",TRUE,"budget",153,1.2179
"762",FALSE,"extended",153,13.816
"763",FALSE,"local",153,2.3204
"764",FALSE,"metro",153,13.816
"765",FALSE,"standard",153,1.7544
"766",FALSE,"budget",154,1.4748
"767",TRUE,"extended",154,2.374
"768",FALSE,"local",154,2.1983
"769",FALSE,"metro",154,3.6449
"770",FALSE,"standard",154,1.8421
"771",FALSE,"budget",155,3.0027
"772",FALSE,"extended",155,2.4319
"773",TRUE,"local",155,2.6137
"774",FALSE,"metro",155,3.6449
"775",FALSE,"standard",155,2.9253
"776",TRUE,"budget",156,1.3635
"777",FALSE,"extended",156,2.3495
"778",FALSE,"local",156,2.1377
"779",FALSE,"metro",156,3.6449
"780",FALSE,"standard",156,1.7544
"781",FALSE,"budget",157,2.6892
"782",FALSE,"extended",157,2.6851
"783",TRUE,"local",157,2.596
"784",FALSE,"metro",157,3.6449
"785",FALSE,"standard",157,2.5817
"786",FALSE,"budget",158,1.6487
"787",FALSE,"extended",158,2.3495
"788",FALSE,"local",158,2.1377
"789",FALSE,"metro",158,3.6449
"790",TRUE,"standard",158,1.7544
"791",FALSE,"budget",159,2.9275
"792",FALSE,"extended",159,13.816
"793",FALSE,"local",159,3.1839
"794",TRUE,"metro",159,3.1476
"795",FALSE,"standard",159,2.8437
"796",FALSE,"budget",160,4.0303
"797",FALSE,"extended",160,13.816
"798",FALSE,"local",160,3.9553
"799",TRUE,"metro",160,3.1476
"800",FALSE,"standard",160,4.0033
"801",FALSE,"budget",161,2.4816
"802",FALSE,"extended",161,13.816
"803",TRUE,"local",161,2.5447
"804",FALSE,"metro",161,3.1476
"805",FALSE,"standard",161,2.3476
"806",FALSE,"budget",162,1.9601
"807",FALSE,"extended",162,13.816
"808",FALSE,"local",162,2.5185
"809",FALSE,"metro",162,3.1476
"810",TRUE,"standard",162,1.7544
"811",FALSE,"budget",163,1.6214
"812",FALSE,"extended",163,13.816
"813",FALSE,"local",163,2.508
"814",FALSE,"metro",163,3.1476
"815",TRUE,"standard",163,1.7544
"816",FALSE,"budget",164,2.4159
"817",FALSE,"extended",164,13.816
"818",FALSE,"local",164,2.5471
"819",FALSE,"metro",164,3.1476
"820",TRUE,"standard",164,2.2721
"821",TRUE,"budget",165,2.1005
"822",FALSE,"extended",165,13.816
"823",FALSE,"local",165,2.5177
"824",FALSE,"metro",165,3.1476
"825",FALSE,"standard",165,1.8976
"826",FALSE,"budget",166,2.621
"827",FALSE,"extended",166,13.816
"828",FALSE,"local",166,2.7713
"829",FALSE,"metro",166,3.1476
"830",TRUE,"standard",166,2.5055
"831",FALSE,"budget",167,1.9643
"832",FALSE,"extended",167,13.816
"833",FALSE,"local",167,2.6899
"834",FALSE,"metro",167,3.1476
"835",TRUE,"standard",167,1.7544
"836",FALSE,"budget",168,1.3533
"837",FALSE,"extended",168,13.816
"838",TRUE,"local",168,2.3768
"839",FALSE,"metro",168,3.3422
"840",FALSE,"standard",168,1.7544
"841",FALSE,"budget",169,1.1878
"842",FALSE,"extended",169,13.816
"843",TRUE,"local",169,2.3204
"844",FALSE,"metro",169,3.3422
"845",FALSE,"standard",169,1.7544
"846",TRUE,"budget",170,1.3164
"847",FALSE,"extended",170,13.816
"848",FALSE,"local",170,2.3637
"849",FALSE,"metro",170,3.3422
"850",FALSE,"standard",170,1.7544
"851",FALSE,"budget",171,2.2966
"852",FALSE,"extended",171,13.816
"853",FALSE,"local",171,2.807
"854",TRUE,"metro",171,3.3422
"855",FALSE,"standard",171,2.133
"856",FALSE,"budget",172,1.5433
"857",FALSE,"extended",172,13.816
"858",TRUE,"local",172,2.3204
"859",FALSE,"metro",172,3.3422
"860",FALSE,"standard",172,1.7544
"861",FALSE,"budget",173,2.5696
"862",FALSE,"extended",173,13.816
"863",TRUE,"local",173,2.9902
"864",FALSE,"metro",173,3.3422
"865",FALSE,"standard",173,2.4476
"866",FALSE,"budget",174,2.0189
"867",FALSE,"extended",174,13.816
"868",FALSE,"local",174,2.6693
"869",TRUE,"metro",174,3.3422
"870",FALSE,"standard",174,1.7967
"871",FALSE,"budget",175,2.1114
"872",FALSE,"extended",175,13.816
"873",TRUE,"local",175,2.7187
"874",FALSE,"metro",175,3.3422
"875",FALSE,"standard",175,1.911
"876",FALSE,"budget",176,2.0149
"877",FALSE,"extended",176,13.816
"878",TRUE,"local",176,2.6672
"879",FALSE,"metro",176,3.3422
"880",FALSE,"standard",176,1.7918
"881",FALSE,"budget",177,1.8229
"882",FALSE,"extended",177,13.816
"883",TRUE,"local",177,2.5665
"884",FALSE,"metro",177,3.3422
"885",FALSE,"standard",177,1.7544
"886",FALSE,"budget",178,2.4406
"887",FALSE,"extended",178,13.816
"888",FALSE,"local",178,2.9113
"889",TRUE,"metro",178,3.3422
"890",FALSE,"standard",178,2.3006
"891",FALSE,"budget",179,2.3758
"892",FALSE,"extended",179,13.816
"893",FALSE,"local",179,2.8987
"894",FALSE,"metro",179,3.1476
"895",TRUE,"standard",179,2.2257
"896",FALSE,"budget",180,2.3702
"897",FALSE,"extended",180,13.816
"898",FALSE,"local",180,2.508
"899",FALSE,"metro",180,3.1476
"900",TRUE,"standard",180,2.2192
"901",FALSE,"budget",181,1.6154
"902",FALSE,"extended",181,13.816
"903",FALSE,"local",181,2.3204
"904",FALSE,"metro",181,13.816
"905",TRUE,"standard",181,1.7544
"906",TRUE,"budget",182,2.1518
"907",FALSE,"extended",182,13.816
"908",FALSE,"local",182,2.3204
"909",FALSE,"metro",182,13.816
"910",FALSE,"standard",182,1.9601
"911",TRUE,"budget",183,1.9629
"912",FALSE,"extended",183,13.816
"913",FALSE,"local",183,2.3204
"914",FALSE,"metro",183,13.816
"915",FALSE,"standard",183,1.7544
"916",FALSE,"budget",184,2.3321
"917",FALSE,"extended",184,13.816
"918",FALSE,"local",184,2.3204
"919",FALSE,"metro",184,13.816
"920",TRUE,"standard",184,2.1748
"921",TRUE,"budget",185,2.0707
"922",FALSE,"extended",185,13.816
"923",FALSE,"local",185,2.3204
"924",FALSE,"metro",185,13.816
"925",FALSE,"standard",185,1.861
"926",FALSE,"budget",186,1.6487
"927",FALSE,"extended",186,13.816
"928",FALSE,"local",186,2.3204
"929",FALSE,"metro",186,13.816
"930",TRUE,"standard",186,1.7544
"931",FALSE,"budget",187,2.451
"932",FALSE,"extended",187,13.816
"933",TRUE,"local",187,2.3204
"934",FALSE,"metro",187,13.816
"935",FALSE,"standard",187,2.3125
"936",FALSE,"budget",188,3.2193
"937",FALSE,"extended",188,13.816
"938",TRUE,"local",188,2.3204
"939",FALSE,"metro",188,13.816
"940",FALSE,"standard",188,3.1574
"941",FALSE,"budget",189,1.1878
"942",FALSE,"extended",189,13.816
"943",TRUE,"local",189,2.3204
"944",FALSE,"metro",189,3.3422
"945",FALSE,"standard",189,1.7544
"946",FALSE,"budget",190,2.0656
"947",FALSE,"extended",190,13.816
"948",FALSE,"local",190,2.6433
"949",FALSE,"metro",190,3.3422
"950",TRUE,"standard",190,1.8547
"951",FALSE,"budget",191,1.2296
"952",FALSE,"extended",191,13.816
"953",TRUE,"local",191,2.3204
"954",FALSE,"metro",191,3.3422
"955",FALSE,"standard",191,1.7544
"956",FALSE,"budget",192,1.5581
"957",FALSE,"extended",192,13.816
"958",TRUE,"local",192,2.431
"959",FALSE,"metro",192,3.3422
"960",FALSE,"standard",192,1.7544
"961",TRUE,"budget",193,1.7174
"962",FALSE,"extended",193,13.816
"963",FALSE,"local",193,2.4949
"964",FALSE,"metro",193,3.3422
"965",FALSE,"standard",193,1.7544
"966",FALSE,"budget",194,1.8213
"967",FALSE,"extended",194,13.816
"968",TRUE,"local",194,2.3204
"969",FALSE,"metro",194,3.3422
"970",FALSE,"standard",194,1.7544
"971",FALSE,"budget",195,1.5151
"972",FALSE,"extended",195,13.816
"973",TRUE,"local",195,2.3447
"974",FALSE,"metro",195,3.3422
"975",FALSE,"standard",195,1.7544
"976",FALSE,"budget",196,2.3418
"977",FALSE,"extended",196,13.816
"978",TRUE,"local",196,2.6376
"979",FALSE,"metro",196,3.3422
"980",FALSE,"standard",196,2.1861
"981",FALSE,"budget",197,2.694
"982",FALSE,"extended",197,13.816
"983",TRUE,"local",197,2.9892
"984",FALSE,"metro",197,3.3422
"985",FALSE,"standard",197,2.587
"986",FALSE,"budget",198,1.5831
"987",FALSE,"extended",198,13.816
"988",TRUE,"local",198,2.4476
"989",FALSE,"metro",198,3.3422
"990",FALSE,"standard",198,1.7544
"991",TRUE,"budget",199,1.85
"992",FALSE,"extended",199,13.816
"993",FALSE,"local",199,2.5177
"994",FALSE,"metro",199,3.1476
"995",FALSE,"standard",199,1.7544
"996",FALSE,"budget",200,1.7544
"997",FALSE,"extended",200,13.816
"998",FALSE,"local",200,2.5967
"999",FALSE,"metro",200,3.1476
"1000",TRUE,"standard",200,1.7544
"1001",TRUE,"budget",201,2.1518
"1002",FALSE,"extended",201,13.816
"1003",FALSE,"local",201,2.6167
"1004",FALSE,"metro",201,3.1476
"1005",FALSE,"standard",201,1.9601
"1006",FALSE,"budget",202,3.3474
"1007",FALSE,"extended",202,13.816
"1008",FALSE,"local",202,3.5056
"1009",TRUE,"metro",202,3.1476
"1010",FALSE,"standard",202,3.2932
"1011",TRUE,"budget",203,1.6154
"1012",FALSE,"extended",203,13.816
"1013",FALSE,"local",203,2.5273
"1014",FALSE,"metro",203,3.1476
"1015",FALSE,"standard",203,1.7544
"1016",FALSE,"budget",204,2.4292
"1017",FALSE,"extended",204,13.816
"1018",FALSE,"local",204,2.5572
"1019",FALSE,"metro",204,3.1476
"1020",TRUE,"standard",204,2.2875
"1021",TRUE,"budget",205,1.9961
"1022",FALSE,"extended",205,13.816
"1023",FALSE,"local",205,2.1377
"1024",FALSE,"metro",205,13.816
"1025",FALSE,"standard",205,1.7681
"1026",FALSE,"budget",206,2.1054
"1027",FALSE,"extended",206,13.816
"1028",TRUE,"local",206,2.1377
"1029",FALSE,"metro",206,13.816
"1030",FALSE,"standard",206,1.9036
"1031",FALSE,"budget",207,1.7246
"1032",FALSE,"extended",207,13.816
"1033",FALSE,"local",207,2.1377
"1034",FALSE,"metro",207,13.816
"1035",TRUE,"standard",207,1.7544
"1036",FALSE,"budget",208,2.0919
"1037",FALSE,"extended",208,13.816
"1038",FALSE,"local",208,2.1377
"1039",FALSE,"metro",208,13.816
"1040",TRUE,"standard",208,1.8871
"1041",TRUE,"budget",209,1.662
"1042",FALSE,"extended",209,13.816
"1043",FALSE,"local",209,2.1377
"1044",FALSE,"metro",209,13.816
"1045",FALSE,"standard",209,1.7544
"1046",FALSE,"budget",210,1.3083
"1047",FALSE,"extended",210,13.816
"1048",TRUE,"local",210,2.1377
"1049",FALSE,"metro",210,13.816
"1050",FALSE,"standard",210,1.7544
"1051",FALSE,"budget",211,2.7726
"1052",FALSE,"extended",211,13.816
"1053",FALSE,"local",211,2.8628
"1054",TRUE,"metro",211,3.1476
"1055",FALSE,"standard",211,2.6741
"1056",FALSE,"budget",212,3.788
"1057",FALSE,"extended",212,13.816
"1058",FALSE,"local",212,3.5957
"1059",TRUE,"metro",212,3.1476
"1060",FALSE,"standard",212,3.7535
"1061",FALSE,"budget",213,2.2607
"1062",FALSE,"extended",213,13.816
"1063",FALSE,"local",213,2.508
"1064",FALSE,"metro",213,3.1476
"1065",TRUE,"standard",213,2.0906
"1066",FALSE,"budget",214,1.8579
"1067",FALSE,"extended",214,13.816
"1068",FALSE,"local",214,2.5289
"1069",FALSE,"metro",214,3.1476
"1070",TRUE,"standard",214,1.7544
"1071",FALSE,"budget",215,1.831
"1072",FALSE,"extended",215,13.816
"1073",TRUE,"local",215,2.5193
"1074",FALSE,"metro",215,3.1476
"1075",FALSE,"standard",215,1.7544
"1076",FALSE,"budget",216,3.6009
"1077",FALSE,"extended",216,13.816
"1078",FALSE,"local",216,2.7701
"1079",TRUE,"metro",216,3.1476
"1080",FALSE,"standard",216,3.5591
"1081",FALSE,"budget",217,1.6429
"1082",FALSE,"extended",217,13.816
"1083",FALSE,"local",217,2.508
"1084",FALSE,"metro",217,3.1476
"1085",TRUE,"standard",217,1.7544
"1086",FALSE,"budget",218,1.9387
"1087",FALSE,"extended",218,13.816
"1088",FALSE,"local",218,2.508
"1089",FALSE,"metro",218,3.1476
"1090",TRUE,"standard",218,1.7544
"1091",FALSE,"budget",219,1.6487
"1092",FALSE,"extended",219,13.816
"1093",TRUE,"local",219,2.4932
"1094",FALSE,"metro",219,3.3422
"1095",FALSE,"standard",219,1.7544
"1096",FALSE,"budget",220,1.2698
"1097",FALSE,"extended",220,13.816
"1098",FALSE,"local",220,2.3204
"1099",FALSE,"metro",220,3.3422
"1100",TRUE,"standard",220,1.7544
"1101",TRUE,"budget",221,1.6467
"1102",FALSE,"extended",221,13.816
"1103",FALSE,"local",221,2.4807
"1104",FALSE,"metro",221,3.3422
"1105",FALSE,"standard",221,1.7544
"1106",FALSE,"budget",222,1.3083
"1107",FALSE,"extended",222,13.816
"1108",TRUE,"local",222,2.3204
"1109",FALSE,"metro",222,3.3422
"1110",FALSE,"standard",222,1.7544
"1111",FALSE,"budget",223,3.0426
"1112",FALSE,"extended",223,13.816
"1113",FALSE,"local",223,3.1532
"1114",TRUE,"metro",223,3.3422
"1115",FALSE,"standard",223,2.9684
"1116",FALSE,"budget",224,1.1878
"1117",FALSE,"extended",224,13.816
"1118",TRUE,"local",224,2.3204
"1119",FALSE,"metro",224,3.3422
"1120",FALSE,"standard",224,1.7544
"1121",FALSE,"budget",225,1.679
"1122",FALSE,"extended",225,13.816
"1123",TRUE,"local",225,2.4536
"1124",FALSE,"metro",225,3.3422
"1125",FALSE,"standard",225,1.7544
"1126",TRUE,"budget",226,1.9459
"1127",FALSE,"extended",226,13.816
"1128",FALSE,"local",226,2.599
"1129",FALSE,"metro",226,3.3422
"1130",FALSE,"standard",226,1.7544
"1131",FALSE,"budget",227,1.5728
"1132",FALSE,"extended",227,13.816
"1133",FALSE,"local",227,2.4553
"1134",TRUE,"metro",227,3.3422
"1135",FALSE,"standard",227,1.7544
"1136",FALSE,"budget",228,2.195
"1137",FALSE,"extended",228,13.816
"1138",FALSE,"local",228,2.6776
"1139",TRUE,"metro",228,3.3422
"1140",FALSE,"standard",228,2.0122
"1141",FALSE,"budget",229,2.4639
"1142",FALSE,"extended",229,13.816
"1143",TRUE,"local",229,2.508
"1144",FALSE,"metro",229,3.1476
"1145",FALSE,"standard",229,2.3273
"1146",FALSE,"budget",230,3.0297
"1147",FALSE,"extended",230,13.816
"1148",TRUE,"local",230,2.5703
"1149",FALSE,"metro",230,3.1476
"1150",FALSE,"standard",230,2.9544
"1151",TRUE,"budget",231,1.5261
"1152",FALSE,"extended",231,13.816
"1153",FALSE,"local",231,2.568
"1154",FALSE,"metro",231,3.1476
"1155",FALSE,"standard",231,1.7544
"1156",FALSE,"budget",232,2.735
"1157",FALSE,"extended",232,13.816
"1158",FALSE,"local",232,2.8124
"1159",TRUE,"metro",232,3.1476
"1160",FALSE,"standard",232,2.6326
"1161",FALSE,"budget",233,3.5172
"1162",FALSE,"extended",233,13.816
"1163",FALSE,"local",233,3.6168
"1164",TRUE,"metro",233,3.1476
"1165",FALSE,"standard",233,3.4717
"1166",TRUE,"budget",234,2.7587
"1167",FALSE,"extended",234,13.816
"1168",FALSE,"local",234,2.5241
"1169",FALSE,"metro",234,3.1476
"1170",FALSE,"standard",234,2.6589
"1171",FALSE,"budget",235,1.9387
"1172",FALSE,"extended",235,13.816
"1173",FALSE,"local",235,2.5145
"1174",FALSE,"metro",235,3.1476
"1175",TRUE,"standard",235,1.7544
"1176",FALSE,"budget",236,1.9657
"1177",FALSE,"extended",236,13.816
"1178",TRUE,"local",236,2.508
"1179",FALSE,"metro",236,3.1476
"1180",FALSE,"standard",236,1.7544
"1181",FALSE,"budget",237,2.0321
"1182",FALSE,"extended",237,13.816
"1183",FALSE,"local",237,2.4924
"1184",FALSE,"metro",237,3.6449
"1185",TRUE,"standard",237,2.2396
"1186",TRUE,"budget",238,3.3742
"1187",FALSE,"extended",238,13.816
"1188",FALSE,"local",238,3.4794
"1189",FALSE,"metro",238,3.6449
"1190",FALSE,"standard",238,3.3925
"1191",FALSE,"budget",239,1.1878
"1192",FALSE,"extended",239,13.816
"1193",TRUE,"local",239,2.1377
"1194",FALSE,"metro",239,3.6449
"1195",FALSE,"standard",239,1.7544
"1196",FALSE,"budget",240,3.7138
"1197",FALSE,"extended",240,13.816
"1198",TRUE,"local",240,3.4494
"1199",FALSE,"metro",240,3.6449
"1200",FALSE,"standard",240,3.6766
"1201",FALSE,"budget",241,2.2094
"1202",FALSE,"extended",241,13.816
"1203",FALSE,"local",241,2.5233
"1204",FALSE,"metro",241,3.6449
"1205",TRUE,"standard",241,2.2793
"1206",FALSE,"budget",242,2.3194
"1207",FALSE,"extended",242,13.816
"1208",TRUE,"local",242,2.551
"1209",FALSE,"metro",242,3.6449
"1210",FALSE,"standard",242,2.3145
"1211",FALSE,"budget",243,2.4248
"1212",FALSE,"extended",243,13.816
"1213",FALSE,"local",243,2.5878
"1214",FALSE,"metro",243,3.1476
"1215",TRUE,"standard",243,2.2824
"1216",FALSE,"budget",244,3.1368
"1217",FALSE,"extended",244,13.816
"1218",TRUE,"local",244,2.5975
"1219",FALSE,"metro",244,3.1476
"1220",FALSE,"standard",244,3.0694
"1221",FALSE,"budget",245,1.8749
"1222",FALSE,"extended",245,13.816
"1223",TRUE,"local",245,2.5353
"1224",FALSE,"metro",245,3.1476
"1225",FALSE,"standard",245,1.7544
"1226",TRUE,"budget",246,1.5728
"1227",FALSE,"extended",246,13.816
"1228",FALSE,"local",246,2.1377
"1229",FALSE,"metro",246,3.6449
"1230",FALSE,"standard",246,1.7544
"1231",FALSE,"budget",247,2.1199
"1232",FALSE,"extended",247,13.816
"1233",FALSE,"local",247,2.1377
"1234",FALSE,"metro",247,3.6449
"1235",TRUE,"standard",247,1.9213
"1236",FALSE,"budget",248,1.6845
"1237",FALSE,"extended",248,13.816
"1238",FALSE,"local",248,2.1377
"1239",TRUE,"metro",248,3.6449
"1240",FALSE,"standard",248,1.7544
"1241",FALSE,"budget",249,2.7738
"1242",FALSE,"extended",249,13.816
"1243",FALSE,"local",249,2.1377
"1244",FALSE,"metro",249,3.6449
"1245",TRUE,"standard",249,2.6755
"1246",FALSE,"budget",250,1.4951
"1247",FALSE,"extended",250,13.816
"1248",FALSE,"local",250,2.5494
"1249",FALSE,"metro",250,3.1476
"1250",TRUE,"standard",250,1.7544
"1251",FALSE,"budget",251,1.6993
"1252",FALSE,"extended",251,13.816
"1253",TRUE,"local",251,2.508
"1254",FALSE,"metro",251,3.1476
"1255",FALSE,"standard",251,1.7544
"1256",FALSE,"budget",252,1.1878
"1257",FALSE,"extended",252,13.816
"1258",TRUE,"local",252,2.508
"1259",FALSE,"metro",252,3.1476
"1260",FALSE,"standard",252,1.7544
"1261",FALSE,"budget",253,1.6715
"1262",FALSE,"extended",253,13.816
"1263",FALSE,"local",253,2.5696
"1264",FALSE,"metro",253,3.1476
"1265",TRUE,"standard",253,1.7544
"1266",FALSE,"budget",254,1.6074
"1267",FALSE,"extended",254,13.816
"1268",TRUE,"local",254,2.5273
"1269",FALSE,"metro",254,3.1476
"1270",FALSE,"standard",254,1.7544
"1271",TRUE,"budget",255,1.9769
"1272",FALSE,"extended",255,13.816
"1273",FALSE,"local",255,2.5145
"1274",FALSE,"metro",255,3.1476
"1275",FALSE,"standard",255,1.7544
"1276",FALSE,"budget",256,3.5272
"1277",FALSE,"extended",256,13.816
"1278",TRUE,"local",256,2.5353
"1279",FALSE,"metro",256,3.1476
"1280",FALSE,"standard",256,3.4822
"1281",FALSE,"budget",257,1.3507
"1282",FALSE,"extended",257,13.816
"1283",FALSE,"local",257,2.5265
"1284",FALSE,"metro",257,3.1476
"1285",TRUE,"standard",257,1.7544
"1286",FALSE,"budget",258,3.6041
"1287",FALSE,"extended",258,13.816
"1288",TRUE,"local",258,2.1377
"1289",FALSE,"metro",258,13.816
"1290",FALSE,"standard",258,3.5625
"1291",FALSE,"budget",259,1.7699
"1292",FALSE,"extended",259,13.816
"1293",FALSE,"local",259,2.1377
"1294",FALSE,"metro",259,13.816
"1295",TRUE,"standard",259,1.7544
"1296",FALSE,"budget",260,1.9643
"1297",FALSE,"extended",260,13.816
"1298",FALSE,"local",260,2.508
"1299",FALSE,"metro",260,3.1476
"1300",TRUE,"standard",260,1.7544
"1301",FALSE,"budget",261,1.4996
"1302",FALSE,"extended",261,13.816
"1303",FALSE,"local",261,2.508
"1304",FALSE,"metro",261,3.1476
"1305",TRUE,"standard",261,1.7544
"1306",FALSE,"budget",262,1.7422
"1307",FALSE,"extended",262,13.816
"1308",FALSE,"local",262,2.5233
"1309",TRUE,"metro",262,3.1476
"1310",FALSE,"standard",262,1.7544
"1311",FALSE,"budget",263,2.246
"1312",FALSE,"extended",263,13.816
"1313",FALSE,"local",263,2.587
"1314",FALSE,"metro",263,3.1476
"1315",TRUE,"standard",263,2.0732
"1316",FALSE,"budget",264,1.1878
"1317",FALSE,"extended",264,13.816
"1318",TRUE,"local",264,2.508
"1319",FALSE,"metro",264,3.1476
"1320",FALSE,"standard",264,1.7544
"1321",FALSE,"budget",265,2.5908
"1322",FALSE,"extended",265,13.816
"1323",TRUE,"local",265,2.5161
"1324",FALSE,"metro",265,3.1476
"1325",FALSE,"standard",265,2.4715
"1326",FALSE,"budget",266,2.9221
"1327",FALSE,"extended",266,13.816
"1328",TRUE,"local",266,2.5885
"1329",FALSE,"metro",266,3.1476
"1330",FALSE,"standard",266,2.8379
"1331",TRUE,"budget",267,1.3635
"1332",FALSE,"extended",267,13.816
"1333",FALSE,"local",267,2.1377
"1334",FALSE,"metro",267,13.816
"1335",FALSE,"standard",267,1.7544
"1336",FALSE,"budget",268,2.0347
"1337",FALSE,"extended",268,13.816
"1338",TRUE,"local",268,2.1377
"1339",FALSE,"metro",268,13.816
"1340",FALSE,"standard",268,1.8165
"1341",FALSE,"budget",269,2.1713
"1342",FALSE,"extended",269,13.816
"1343",TRUE,"local",269,2.1377
"1344",FALSE,"metro",269,13.816
"1345",FALSE,"standard",269,1.9838
"1346",FALSE,"budget",270,1.7527
"1347",FALSE,"extended",270,13.816
"1348",FALSE,"local",270,2.5145
"1349",FALSE,"metro",270,3.1476
"1350",TRUE,"standard",270,1.7544
"1351",FALSE,"budget",271,1.4351
"1352",FALSE,"extended",271,13.816
"1353",TRUE,"local",271,2.3943
"1354",FALSE,"metro",271,3.3422
"1355",FALSE,"standard",271,1.7544
"1356",FALSE,"budget",272,2.2762
"1357",FALSE,"extended",272,13.816
"1358",TRUE,"local",272,2.5137
"1359",FALSE,"metro",272,3.3422
"1360",FALSE,"standard",272,2.109
"1361",FALSE,"budget",273,1.311
"1362",FALSE,"extended",273,13.816
"1363",FALSE,"local",273,2.3618
"1364",FALSE,"metro",273,3.3422
"1365",TRUE,"standard",273,1.7544
"1366",FALSE,"budget",274,1.5019
"1367",FALSE,"extended",274,13.816
"1368",FALSE,"local",274,2.3961
"1369",FALSE,"metro",274,3.3422
"1370",TRUE,"standard",274,1.7544
"1371",FALSE,"budget",275,1.4586
"1372",FALSE,"extended",275,13.816
"1373",TRUE,"local",275,2.3777
"1374",FALSE,"metro",275,3.3422
"1375",FALSE,"standard",275,1.7544
"1376",FALSE,"budget",276,1.763
"1377",FALSE,"extended",276,13.816
"1378",FALSE,"local",276,2.3851
"1379",FALSE,"metro",276,3.3422
"1380",TRUE,"standard",276,1.7544
"1381",FALSE,"budget",277,1.7457
"1382",FALSE,"extended",277,13.816
"1383",FALSE,"local",277,2.4613
"1384",FALSE,"metro",277,3.3422
"1385",TRUE,"standard",277,1.7544
"1386",FALSE,"budget",278,1.9685
"1387",FALSE,"extended",278,13.816
"1388",FALSE,"local",278,2.5416
"1389",TRUE,"metro",278,3.3422
"1390",FALSE,"standard",278,1.7544
"1391",FALSE,"budget",279,1.3218
"1392",FALSE,"extended",279,13.816
"1393",FALSE,"local",279,2.3321
"1394",FALSE,"metro",279,3.3422
"1395",TRUE,"standard",279,1.7544
"1396",TRUE,"budget",280,1.1878
"1397",FALSE,"extended",280,13.816
"1398",FALSE,"local",280,2.3204
"1399",FALSE,"metro",280,3.3422
"1400",FALSE,"standard",280,1.7544
"1401",FALSE,"budget",281,1.3888
"1402",FALSE,"extended",281,13.816
"1403",TRUE,"local",281,2.3302
"1404",FALSE,"metro",281,3.3422
"1405",FALSE,"standard",281,1.7544
"1406",FALSE,"budget",282,1.4702
"1407",FALSE,"extended",282,13.816
"1408",TRUE,"local",282,2.3988
"1409",FALSE,"metro",282,3.3422
"1410",FALSE,"standard",282,1.7544
"1411",FALSE,"budget",283,1.2698
"1412",FALSE,"extended",283,13.816
"1413",TRUE,"local",283,2.3204
"1414",FALSE,"metro",283,3.3422
"1415",FALSE,"standard",283,1.7544
"1416",FALSE,"budget",284,3.0146
"1417",FALSE,"extended",284,13.816
"1418",FALSE,"local",284,2.7556
"1419",TRUE,"metro",284,3.1476
"1420",FALSE,"standard",284,2.9381
"1421",FALSE,"budget",285,2.4706
"1422",FALSE,"extended",285,13.816
"1423",FALSE,"local",285,2.5749
"1424",FALSE,"metro",285,3.1476
"1425",TRUE,"standard",285,2.3351
"1426",FALSE,"budget",286,1.6563
"1427",FALSE,"extended",286,13.816
"1428",FALSE,"local",286,2.1377
"1429",FALSE,"metro",286,13.816
"1430",TRUE,"standard",286,1.7544
"1431",TRUE,"budget",287,1.2975
"1432",FALSE,"extended",287,13.816
"1433",FALSE,"local",287,2.1377
"1434",FALSE,"metro",287,13.816
"1435",FALSE,"standard",287,1.7544
"1436",FALSE,"budget",288,4.0008
"1437",FALSE,"extended",288,13.816
"1438",FALSE,"local",288,3.605
"1439",TRUE,"metro",288,3.1476
"1440",FALSE,"standard",288,3.9729
"1441",FALSE,"budget",289,1.9006
"1442",FALSE,"extended",289,13.816
"1443",FALSE,"local",289,2.5145
"1444",FALSE,"metro",289,3.1476
"1445",TRUE,"standard",289,1.7544
"1446",FALSE,"budget",290,1.9213
"1447",FALSE,"extended",290,13.816
"1448",FALSE,"local",290,2.508
"1449",FALSE,"metro",290,3.1476
"1450",TRUE,"standard",290,1.7544
"1451",FALSE,"budget",291,2.5321
"1452",FALSE,"extended",291,13.816
"1453",TRUE,"local",291,2.1377
"1454",FALSE,"metro",291,13.816
"1455",FALSE,"standard",291,2.4051
"1456",FALSE,"budget",292,1.3987
"1457",FALSE,"extended",292,13.816
"1458",TRUE,"local",292,2.1377
"1459",FALSE,"metro",292,13.816
"1460",FALSE,"standard",292,1.7544
"1461",TRUE,"budget",293,1.5644
"1462",FALSE,"extended",293,13.816
"1463",FALSE,"local",293,2.508
"1464",FALSE,"metro",293,3.1476
"1465",FALSE,"standard",293,1.7544
"1466",FALSE,"budget",294,2.8713
"1467",FALSE,"extended",294,13.816
"1468",TRUE,"local",294,2.8154
"1469",FALSE,"metro",294,3.1476
"1470",FALSE,"standard",294,2.7825
"1471",FALSE,"budget",295,2.9365
"1472",FALSE,"extended",295,13.816
"1473",FALSE,"local",295,3.2363
"1474",TRUE,"metro",295,3.3422
"1475",FALSE,"standard",295,2.8536
"1476",FALSE,"budget",296,2.6518
"1477",FALSE,"extended",296,13.816
"1478",TRUE,"local",296,2.8848
"1479",FALSE,"metro",296,3.3422
"1480",FALSE,"standard",296,2.54
"1481",FALSE,"budget",297,2.4397
"1482",FALSE,"extended",297,13.816
"1483",TRUE,"local",297,2.8976
"1484",FALSE,"metro",297,3.3422
"1485",FALSE,"standard",297,2.2996
"1486",FALSE,"budget",298,1.477
"1487",FALSE,"extended",298,13.816
"1488",TRUE,"local",298,2.3656
"1489",FALSE,"metro",298,3.3422
"1490",FALSE,"standard",298,1.7544
"1491",FALSE,"budget",299,1.3913
"1492",FALSE,"extended",299,13.816
"1493",TRUE,"local",299,2.3712
"1494",FALSE,"metro",299,3.3422
"1495",FALSE,"standard",299,1.7544
"1496",FALSE,"budget",300,3.3891
"1497",FALSE,"extended",300,13.816
"1498",FALSE,"local",300,3.5219
"1499",TRUE,"metro",300,3.3422
"1500",FALSE,"standard",300,3.3372
"1501",FALSE,"budget",301,2.0882
"1502",FALSE,"extended",301,13.816
"1503",TRUE,"local",301,2.6108
"1504",FALSE,"metro",301,3.3422
"1505",FALSE,"standard",301,1.8825
"1506",FALSE,"budget",302,1.5412
"1507",FALSE,"extended",302,13.816
"1508",TRUE,"local",302,2.4239
"1509",FALSE,"metro",302,3.3422
"1510",FALSE,"standard",302,1.7544
"1511",FALSE,"budget",303,2.431
"1512",FALSE,"extended",303,13.816
"1513",FALSE,"local",303,2.6933
"1514",TRUE,"metro",303,3.3422
"1515",FALSE,"standard",303,2.2895
"1516",TRUE,"budget",304,1.2238
"1517",FALSE,"extended",304,13.816
"1518",FALSE,"local",304,2.3321
"1519",FALSE,"metro",304,3.3422
"1520",FALSE,"standard",304,1.7544
"1521",FALSE,"budget",305,1.7867
"1522",FALSE,"extended",305,13.816
"1523",FALSE,"local",305,2.4553
"1524",TRUE,"metro",305,3.3422
"1525",FALSE,"standard",305,1.7544
"1526",FALSE,"budget",306,1.8718
"1527",FALSE,"extended",306,13.816
"1528",FALSE,"local",306,2.5795
"1529",TRUE,"metro",306,3.3422
"1530",FALSE,"standard",306,1.7544
"1531",FALSE,"budget",307,1.3863
"1532",FALSE,"extended",307,13.816
"1533",FALSE,"local",307,2.3758
"1534",FALSE,"metro",307,3.3422
"1535",TRUE,"standard",307,1.7544
"1536",FALSE,"budget",308,2.6906
"1537",FALSE,"extended",308,13.816
"1538",FALSE,"local",308,3.0745
"1539",TRUE,"metro",308,3.3422
"1540",FALSE,"standard",308,2.5832
"1541",FALSE,"budget",309,1.3002
"1542",FALSE,"extended",309,13.816
"1543",TRUE,"local",309,2.338
"1544",FALSE,"metro",309,3.3422
"1545",FALSE,"standard",309,1.7544
"1546",FALSE,"budget",310,2.4757
"1547",FALSE,"extended",310,13.816
"1548",TRUE,"local",310,2.8753
"1549",FALSE,"metro",310,3.3422
"1550",FALSE,"standard",310,2.3408
"1551",FALSE,"budget",311,1.7047
"1552",FALSE,"extended",311,13.816
"1553",TRUE,"local",311,2.3674
"1554",FALSE,"metro",311,3.3422
"1555",FALSE,"standard",311,1.7544
"1556",FALSE,"budget",312,2.1029
"1557",FALSE,"extended",312,13.816
"1558",TRUE,"local",312,2.5337
"1559",FALSE,"metro",312,3.3422
"1560",FALSE,"standard",312,1.9006
"1561",FALSE,"budget",313,1.4159
"1562",FALSE,"extended",313,13.816
"1563",TRUE,"local",313,2.3447
"1564",FALSE,"metro",313,3.3422
"1565",FALSE,"standard",313,1.7544
"1566",FALSE,"budget",314,1.5454
"1567",FALSE,"extended",314,13.816
"1568",TRUE,"local",314,2.423
"1569",FALSE,"metro",314,3.3422
"1570",FALSE,"standard",314,1.7544
"1571",FALSE,"budget",315,1.3191
"1572",FALSE,"extended",315,13.816
"1573",FALSE,"local",315,2.3646
"1574",FALSE,"metro",315,3.3422
"1575",TRUE,"standard",315,1.7544
"1576",FALSE,"budget",316,3.0704
"1577",FALSE,"extended",316,13.816
"1578",FALSE,"local",316,3.2824
"1579",TRUE,"metro",316,3.3422
"1580",FALSE,"standard",316,2.9982
"1581",FALSE,"budget",317,1.8181
"1582",FALSE,"extended",317,13.816
"1583",TRUE,"local",317,2.5145
"1584",FALSE,"metro",317,3.3422
"1585",FALSE,"standard",317,1.7544
"1586",FALSE,"budget",318,1.3987
"1587",FALSE,"extended",318,13.816
"1588",TRUE,"local",318,2.3204
"1589",FALSE,"metro",318,3.3422
"1590",FALSE,"standard",318,1.7544
"1591",TRUE,"budget",319,1.2782
"1592",FALSE,"extended",319,13.816
"1593",FALSE,"local",319,2.3437
"1594",FALSE,"metro",319,3.3422
"1595",FALSE,"standard",319,1.7544
"1596",FALSE,"budget",320,1.2119
"1597",FALSE,"extended",320,13.816
"1598",TRUE,"local",320,2.3283
"1599",FALSE,"metro",320,3.3422
"1600",FALSE,"standard",320,1.7544
"1601",FALSE,"budget",321,2.9601
"1602",FALSE,"extended",321,13.816
"1603",FALSE,"local",321,3.1166
"1604",TRUE,"metro",321,3.3422
"1605",FALSE,"standard",321,2.8792
"1606",TRUE,"budget",322,1.4609
"1607",FALSE,"extended",322,13.816
"1608",FALSE,"local",322,2.4105
"1609",FALSE,"metro",322,3.3422
"1610",FALSE,"standard",322,1.7544
"1611",TRUE,"budget",323,1.209
"1612",FALSE,"extended",323,13.816
"1613",FALSE,"local",323,2.3204
"1614",FALSE,"metro",323,3.3422
"1615",FALSE,"standard",323,1.7544
"1616",FALSE,"budget",324,1.1878
"1617",FALSE,"extended",324,13.816
"1618",FALSE,"local",324,2.3204
"1619",FALSE,"metro",324,3.3422
"1620",TRUE,"standard",324,1.7544
"1621",FALSE,"budget",325,2.2986
"1622",FALSE,"extended",325,13.816
"1623",FALSE,"local",325,2.508
"1624",FALSE,"metro",325,3.1476
"1625",TRUE,"standard",325,2.1353
"1626",FALSE,"budget",326,1.4996
"1627",FALSE,"extended",326,13.816
"1628",FALSE,"local",326,2.5177
"1629",FALSE,"metro",326,3.1476
"1630",TRUE,"standard",326,1.7544
"1631",FALSE,"budget",327,2.3321
"1632",FALSE,"extended",327,13.816
"1633",FALSE,"local",327,2.5518
"1634",TRUE,"metro",327,3.1476
"1635",FALSE,"standard",327,2.1748
"1636",FALSE,"budget",328,3.7138
"1637",FALSE,"extended",328,13.816
"1638",TRUE,"local",328,2.508
"1639",FALSE,"metro",328,3.1476
"1640",FALSE,"standard",328,3.6766
"1641",TRUE,"budget",329,1.7817
"1642",FALSE,"extended",329,13.816
"1643",FALSE,"local",329,2.508
"1644",FALSE,"metro",329,3.1476
"1645",FALSE,"standard",329,1.7544
"1646",FALSE,"budget",330,2.8719
"1647",FALSE,"extended",330,13.816
"1648",FALSE,"local",330,3.2145
"1649",TRUE,"metro",330,3.1476
"1650",FALSE,"standard",330,2.7832
"1651",FALSE,"budget",331,1.8901
"1652",FALSE,"extended",331,13.816
"1653",FALSE,"local",331,2.3204
"1654",FALSE,"metro",331,13.816
"1655",TRUE,"standard",331,1.7544
"1656",TRUE,"budget",332,1.7867
"1657",FALSE,"extended",332,13.816
"1658",FALSE,"local",332,2.3204
"1659",FALSE,"metro",332,13.816
"1660",FALSE,"standard",332,1.7544
"1661",FALSE,"budget",333,2.6218
"1662",FALSE,"extended",333,13.816
"1663",FALSE,"local",333,2.3204
"1664",FALSE,"metro",333,13.816
"1665",TRUE,"standard",333,2.5063
"1666",FALSE,"budget",334,1.3888
"1667",FALSE,"extended",334,13.816
"1668",TRUE,"local",334,2.3204
"1669",FALSE,"metro",334,13.816
"1670",FALSE,"standard",334,1.7544
"1671",TRUE,"budget",335,1.5644
"1672",FALSE,"extended",335,13.816
"1673",FALSE,"local",335,2.3204
"1674",FALSE,"metro",335,13.816
"1675",FALSE,"standard",335,1.7544
"1676",FALSE,"budget",336,1.8856
"1677",FALSE,"extended",336,13.816
"1678",FALSE,"local",336,2.3204
"1679",FALSE,"metro",336,13.816
"1680",TRUE,"standard",336,1.7544
"1681",FALSE,"budget",337,1.579
"1682",FALSE,"extended",337,13.816
"1683",FALSE,"local",337,2.3204
"1684",FALSE,"metro",337,13.816
"1685",TRUE,"standard",337,1.7544
"1686",FALSE,"budget",338,2.3646
"1687",FALSE,"extended",338,13.816
"1688",TRUE,"local",338,2.3204
"1689",FALSE,"metro",338,13.816
"1690",FALSE,"standard",338,2.2127
"1691",FALSE,"budget",339,2.133
"1692",FALSE,"extended",339,13.816
"1693",TRUE,"local",339,2.1377
"1694",FALSE,"metro",339,13.816
"1695",FALSE,"standard",339,1.9373
"1696",TRUE,"budget",340,1.2296
"1697",FALSE,"extended",340,13.816
"1698",FALSE,"local",340,2.1377
"1699",FALSE,"metro",340,13.816
"1700",FALSE,"standard",340,1.7544
"1701",FALSE,"budget",341,2.4949
"1702",FALSE,"extended",341,13.816
"1703",TRUE,"local",341,2.1377
"1704",FALSE,"metro",341,13.816
"1705",FALSE,"standard",341,2.3627
"1706",FALSE,"budget",342,1.6696
"1707",FALSE,"extended",342,13.816
"1708",FALSE,"local",342,2.1377
"1709",FALSE,"metro",342,13.816
"1710",TRUE,"standard",342,1.7544
"1711",FALSE,"budget",343,1.5282
"1712",FALSE,"extended",343,13.816
"1713",FALSE,"local",343,2.1377
"1714",FALSE,"metro",343,13.816
"1715",TRUE,"standard",343,1.7544
"1716",FALSE,"budget",344,2.6762
"1717",FALSE,"extended",344,13.816
"1718",TRUE,"local",344,2.3204
"1719",FALSE,"metro",344,13.816
"1720",FALSE,"standard",344,2.5673
"1721",FALSE,"budget",345,1.9286
"1722",FALSE,"extended",345,13.816
"1723",FALSE,"local",345,2.3204
"1724",FALSE,"metro",345,13.816
"1725",TRUE,"standard",345,1.7544
"1726",FALSE,"budget",346,2.0931
"1727",FALSE,"extended",346,13.816
"1728",TRUE,"local",346,2.1377
"1729",FALSE,"metro",346,13.816
"1730",FALSE,"standard",346,1.8886
"1731",FALSE,"budget",347,2.4301
"1732",FALSE,"extended",347,13.816
"1733",TRUE,"local",347,2.1377
"1734",FALSE,"metro",347,13.816
"1735",FALSE,"standard",347,2.2885
"1736",FALSE,"budget",348,2.544
"1737",FALSE,"extended",348,13.816
"1738",TRUE,"local",348,2.1377
"1739",FALSE,"metro",348,13.816
"1740",FALSE,"standard",348,2.4186
"1741",FALSE,"budget",349,2.4283
"1742",FALSE,"extended",349,13.816
"1743",FALSE,"local",349,2.1377
"1744",FALSE,"metro",349,13.816
"1745",TRUE,"standard",349,2.2865
"1746",FALSE,"budget",350,1.8017
"1747",FALSE,"extended",350,13.816
"1748",FALSE,"local",350,2.1377
"1749",FALSE,"metro",350,13.816
"1750",TRUE,"standard",350,1.7544
"1751",FALSE,"budget",351,1.7834
"1752",FALSE,"extended",351,13.816
"1753",TRUE,"local",351,2.1377
"1754",FALSE,"metro",351,13.816
"1755",FALSE,"standard",351,1.7544
"1756",FALSE,"budget",352,1.7934
"1757",FALSE,"extended",352,13.816
"1758",FALSE,"local",352,2.1377
"1759",FALSE,"metro",352,13.816
"1760",TRUE,"standard",352,1.7544
"1761",TRUE,"budget",353,2.2513
"1762",FALSE,"extended",353,13.816
"1763",FALSE,"local",353,2.1377
"1764",FALSE,"metro",353,13.816
"1765",FALSE,"standard",353,2.0794
"1766",FALSE,"budget",354,1.7934
"1767",FALSE,"extended",354,13.816
"1768",FALSE,"local",354,2.1377
"1769",FALSE,"metro",354,13.816
"1770",TRUE,"standard",354,1.7544
"1771",FALSE,"budget",355,2.0968
"1772",FALSE,"extended",355,13.816
"1773",FALSE,"local",355,2.1377
"1774",FALSE,"metro",355,13.816
"1775",TRUE,"standard",355,1.8931
"1776",FALSE,"budget",356,1.7457
"1777",FALSE,"extended",356,13.816
"1778",TRUE,"local",356,2.1377
"1779",FALSE,"metro",356,13.816
"1780",FALSE,"standard",356,1.7544
"1781",FALSE,"budget",357,1.7138
"1782",FALSE,"extended",357,13.816
"1783",FALSE,"local",357,2.3204
"1784",FALSE,"metro",357,13.816
"1785",TRUE,"standard",357,1.7544
"1786",FALSE,"budget",358,1.775
"1787",FALSE,"extended",358,13.816
"1788",FALSE,"local",358,2.3204
"1789",FALSE,"metro",358,13.816
"1790",TRUE,"standard",358,1.7544
"1791",FALSE,"budget",359,2.7087
"1792",FALSE,"extended",359,13.816
"1793",TRUE,"local",359,2.3204
"1794",FALSE,"metro",359,13.816
"1795",FALSE,"standard",359,2.6034
"1796",FALSE,"budget",360,1.4327
"1797",FALSE,"extended",360,13.816
"1798",FALSE,"local",360,2.3204
"1799",FALSE,"metro",360,13.816
"1800",TRUE,"standard",360,1.7544
"1801",FALSE,"budget",361,1.8099
"1802",FALSE,"extended",361,13.816
"1803",FALSE,"local",361,2.3204
"1804",FALSE,"metro",361,13.816
"1805",TRUE,"standard",361,1.7544
"1806",FALSE,"budget",362,1.7984
"1807",FALSE,"extended",362,13.816
"1808",TRUE,"local",362,2.3204
"1809",FALSE,"metro",362,13.816
"1810",FALSE,"standard",362,1.7544
"1811",FALSE,"budget",363,2.3906
"1812",FALSE,"extended",363,13.816
"1813",FALSE,"local",363,2.3204
"1814",FALSE,"metro",363,13.816
"1815",TRUE,"standard",363,2.2428
"1816",FALSE,"budget",364,2.4042
"1817",FALSE,"extended",364,13.816
"1818",TRUE,"local",364,2.3204
"1819",FALSE,"metro",364,13.816
"1820",FALSE,"standard",364,2.2586
"1821",FALSE,"budget",365,2.2976
"1822",FALSE,"extended",365,13.816
"1823",FALSE,"local",365,2.3204
"1824",FALSE,"metro",365,13.816
"1825",TRUE,"standard",365,2.1342
"1826",FALSE,"budget",366,1.8099
"1827",FALSE,"extended",366,13.816
"1828",FALSE,"local",366,2.3204
"1829",FALSE,"metro",366,13.816
"1830",TRUE,"standard",366,1.7544
"1831",FALSE,"budget",367,1.8579
"1832",FALSE,"extended",367,13.816
"1833",FALSE,"local",367,2.1377
"1834",FALSE,"metro",367,13.816
"1835",TRUE,"standard",367,1.7544
"1836",TRUE,"budget",368,1.763
"1837",FALSE,"extended",368,13.816
"1838",FALSE,"local",368,2.1377
"1839",FALSE,"metro",368,13.816
"1840",FALSE,"standard",368,1.7544
"1841",FALSE,"budget",369,2.267
"1842",FALSE,"extended",369,13.816
"1843",TRUE,"local",369,2.1377
"1844",FALSE,"metro",369,13.816
"1845",FALSE,"standard",369,2.098
"1846",TRUE,"budget",370,1.5282
"1847",FALSE,"extended",370,13.816
"1848",FALSE,"local",370,2.1377
"1849",FALSE,"metro",370,13.816
"1850",FALSE,"standard",370,1.7544
"1851",FALSE,"budget",371,1.6752
"1852",FALSE,"extended",371,13.816
"1853",FALSE,"local",371,2.1377
"1854",FALSE,"metro",371,13.816
"1855",TRUE,"standard",371,1.7544
"1856",FALSE,"budget",372,1.7263
"1857",FALSE,"extended",372,13.816
"1858",FALSE,"local",372,2.1377
"1859",FALSE,"metro",372,13.816
"1860",TRUE,"standard",372,1.7544
"1861",FALSE,"budget",373,2.5665
"1862",FALSE,"extended",373,13.816
"1863",FALSE,"local",373,2.1377
"1864",FALSE,"metro",373,13.816
"1865",TRUE,"standard",373,2.4441
"1866",TRUE,"budget",374,2.5741
"1867",FALSE,"extended",374,13.816
"1868",FALSE,"local",374,2.1377
"1869",FALSE,"metro",374,13.816
"1870",FALSE,"standard",374,2.4527
"1871",TRUE,"budget",375,1.6696
"1872",FALSE,"extended",375,13.816
"1873",FALSE,"local",375,2.3204
"1874",FALSE,"metro",375,13.816
"1875",FALSE,"standard",375,1.7544
"1876",FALSE,"budget",376,1.7851
"1877",FALSE,"extended",376,13.816
"1878",FALSE,"local",376,2.3204
"1879",FALSE,"metro",376,13.816
"1880",TRUE,"standard",376,1.7544
"1881",FALSE,"budget",377,2.1029
"1882",FALSE,"extended",377,13.816
"1883",TRUE,"local",377,2.3204
"1884",FALSE,"metro",377,13.816
"1885",FALSE,"standard",377,1.9006
"1886",FALSE,"budget",378,1.9036
"1887",FALSE,"extended",378,13.816
"1888",FALSE,"local",378,2.3204
"1889",FALSE,"metro",378,13.816
"1890",TRUE,"standard",378,1.7544
"1891",FALSE,"budget",379,2.0769
"1892",FALSE,"extended",379,13.816
"1893",FALSE,"local",379,2.3204
"1894",FALSE,"metro",379,13.816
"1895",TRUE,"standard",379,1.8687
"1896",FALSE,"budget",380,2.0968
"1897",FALSE,"extended",380,13.816
"1898",FALSE,"local",380,2.3204
"1899",FALSE,"metro",380,13.816
"1900",TRUE,"standard",380,1.8931
"1901",TRUE,"budget",381,1.3481
"1902",FALSE,"extended",381,13.816
"1903",FALSE,"local",381,2.3204
"1904",FALSE,"metro",381,13.816
"1905",FALSE,"standard",381,1.7544
"1906",FALSE,"budget",382,1.4884
"1907",FALSE,"extended",382,13.816
"1908",FALSE,"local",382,2.3204
"1909",FALSE,"metro",382,13.816
"1910",TRUE,"standard",382,1.7544
"1911",TRUE,"budget",383,1.8976
"1912",FALSE,"extended",383,13.816
"1913",FALSE,"local",383,2.3204
"1914",FALSE,"metro",383,13.816
"1915",FALSE,"standard",383,1.7544
"1916",TRUE,"budget",384,1.4327
"1917",FALSE,"extended",384,13.816
"1918",FALSE,"local",384,2.3204
"1919",FALSE,"metro",384,13.816
"1920",FALSE,"standard",384,1.7544
"1921",FALSE,"budget",385,1.8718
"1922",FALSE,"extended",385,13.816
"1923",FALSE,"local",385,2.3204
"1924",FALSE,"metro",385,13.816
"1925",TRUE,"standard",385,1.7544
"1926",FALSE,"budget",386,1.4816
"1927",FALSE,"extended",386,13.816
"1928",TRUE,"local",386,2.3204
"1929",FALSE,"metro",386,13.816
"1930",FALSE,"standard",386,1.7544
"1931",TRUE,"budget",387,1.5041
"1932",FALSE,"extended",387,13.816
"1933",FALSE,"local",387,2.3204
"1934",FALSE,"metro",387,13.816
"1935",FALSE,"standard",387,1.7544
"1936",FALSE,"budget",388,2.0308
"1937",FALSE,"extended",388,13.816
"1938",TRUE,"local",388,2.3204
"1939",FALSE,"metro",388,13.816
"1940",FALSE,"standard",388,1.8116
"1941",FALSE,"budget",389,1.8871
"1942",FALSE,"extended",389,13.816
"1943",TRUE,"local",389,2.3204
"1944",FALSE,"metro",389,13.816
"1945",FALSE,"standard",389,1.7544
"1946",FALSE,"budget",390,1.914
"1947",FALSE,"extended",390,13.816
"1948",FALSE,"local",390,2.3204
"1949",FALSE,"metro",390,13.816
"1950",TRUE,"standard",390,1.7544
"1951",FALSE,"budget",391,1.9685
"1952",FALSE,"extended",391,13.816
"1953",FALSE,"local",391,2.3204
"1954",FALSE,"metro",391,13.816
"1955",TRUE,"standard",391,1.7544
"1956",FALSE,"budget",392,3.1254
"1957",FALSE,"extended",392,13.816
"1958",TRUE,"local",392,2.3204
"1959",FALSE,"metro",392,13.816
"1960",FALSE,"standard",392,3.0573
"1961",FALSE,"budget",393,1.2296
"1962",FALSE,"extended",393,13.816
"1963",FALSE,"local",393,2.3204
"1964",FALSE,"metro",393,13.816
"1965",TRUE,"standard",393,1.7544
"1966",FALSE,"budget",394,1.9257
"1967",FALSE,"extended",394,13.816
"1968",FALSE,"local",394,2.1377
"1969",FALSE,"metro",394,13.816
"1970",TRUE,"standard",394,1.7544
"1971",TRUE,"budget",395,1.4351
"1972",FALSE,"extended",395,13.816
"1973",FALSE,"local",395,2.1377
"1974",FALSE,"metro",395,13.816
"1975",FALSE,"standard",395,1.7544
"1976",FALSE,"budget",396,2.5953
"1977",FALSE,"extended",396,13.816
"1978",FALSE,"local",396,2.1377
"1979",FALSE,"metro",396,13.816
"1980",TRUE,"standard",396,2.4765
"1981",FALSE,"budget",397,2.0618
"1982",FALSE,"extended",397,13.816
"1983",FALSE,"local",397,2.1377
"1984",FALSE,"metro",397,13.816
"1985",TRUE,"standard",397,1.85
"1986",FALSE,"budget",398,1.8165
"1987",FALSE,"extended",398,13.816
"1988",FALSE,"local",398,2.1377
"1989",FALSE,"metro",398,13.816
"1990",TRUE,"standard",398,1.7544
"1991",FALSE,"budget",399,1.8165
"1992",FALSE,"extended",399,13.816
"1993",FALSE,"local",399,2.1377
"1994",FALSE,"metro",399,13.816
"1995",TRUE,"standard",399,1.7544
"1996",FALSE,"budget",400,1.981
"1997",FALSE,"extended",400,13.816
"1998",FALSE,"local",400,2.1377
"1999",FALSE,"metro",400,13.816
"2000",TRUE,"standard",400,1.7544
"2001",FALSE,"budget",401,1.6487
"2002",FALSE,"extended",401,13.816
"2003",FALSE,"local",401,2.1377
"2004",FALSE,"metro",401,13.816
"2005",TRUE,"standard",401,1.7544
"2006",TRUE,"budget",402,1.7681
"2007",FALSE,"extended",402,13.816
"2008",FALSE,"local",402,2.1377
"2009",FALSE,"metro",402,13.816
"2010",FALSE,"standard",402,1.7544
"2011",FALSE,"budget",403,2.4579
"2012",FALSE,"extended",403,13.816
"2013",TRUE,"local",403,1.9502
"2014",FALSE,"metro",403,13.816
"2015",FALSE,"standard",403,2.3204
"2016",FALSE,"budget",404,2.0669
"2017",FALSE,"extended",404,13.816
"2018",TRUE,"local",404,1.9502
"2019",FALSE,"metro",404,13.816
"2020",FALSE,"standard",404,1.8563
"2021",FALSE,"budget",405,2.8414
"2022",FALSE,"extended",405,13.816
"2023",TRUE,"local",405,1.9502
"2024",FALSE,"metro",405,13.816
"2025",FALSE,"standard",405,2.7498
"2026",FALSE,"budget",406,1.5872
"2027",FALSE,"extended",406,13.816
"2028",TRUE,"local",406,1.9502
"2029",FALSE,"metro",406,13.816
"2030",FALSE,"standard",406,1.7544
"2031",FALSE,"budget",407,1.4656
"2032",FALSE,"extended",407,13.816
"2033",TRUE,"local",407,1.9502
"2034",FALSE,"metro",407,13.816
"2035",FALSE,"standard",407,1.7544
"2036",FALSE,"budget",408,2.6159
"2037",FALSE,"extended",408,13.816
"2038",TRUE,"local",408,1.9502
"2039",FALSE,"metro",408,13.816
"2040",FALSE,"standard",408,2.4998
"2041",FALSE,"budget",409,1.9459
"2042",FALSE,"extended",409,13.816
"2043",TRUE,"local",409,1.9502
"2044",FALSE,"metro",409,13.816
"2045",FALSE,"standard",409,1.7544
"2046",FALSE,"budget",410,2.2659
"2047",FALSE,"extended",410,13.816
"2048",TRUE,"local",410,1.9502
"2049",FALSE,"metro",410,13.816
"2050",FALSE,"standard",410,2.0968
"2051",FALSE,"budget",411,1.3271
"2052",FALSE,"extended",411,13.816
"2053",FALSE,"local",411,1.9502
"2054",FALSE,"metro",411,13.816
"2055",TRUE,"standard",411,1.7544
"2056",FALSE,"budget",412,1.9125
"2057",FALSE,"extended",412,13.816
"2058",TRUE,"local",412,1.9502
"2059",FALSE,"metro",412,13.816
"2060",FALSE,"standard",412,1.7544
"2061",FALSE,"budget",413,1.7228
"2062",FALSE,"extended",413,13.816
"2063",FALSE,"local",413,1.9502
"2064",FALSE,"metro",413,13.816
"2065",TRUE,"standard",413,1.7544
"2066",FALSE,"budget",414,2.7479
"2067",FALSE,"extended",414,13.816
"2068",FALSE,"local",414,1.9502
"2069",FALSE,"metro",414,13.816
"2070",TRUE,"standard",414,2.6469
"2071",FALSE,"budget",415,2.2597
"2072",FALSE,"extended",415,13.816
"2073",TRUE,"local",415,1.9502
"2074",FALSE,"metro",415,13.816
"2075",FALSE,"standard",415,2.0894
"2076",FALSE,"budget",416,1.6292
"2077",FALSE,"extended",416,13.816
"2078",TRUE,"local",416,1.9502
"2079",FALSE,"metro",416,13.816
"2080",FALSE,"standard",416,1.7544
"2081",FALSE,"budget",417,2.1017
"2082",FALSE,"extended",417,13.816
"2083",TRUE,"local",417,1.9502
"2084",FALSE,"metro",417,13.816
"2085",FALSE,"standard",417,1.8991
"2086",FALSE,"budget",418,2.9826
"2087",FALSE,"extended",418,13.816
"2088",TRUE,"local",418,1.9502
"2089",FALSE,"metro",418,13.816
"2090",FALSE,"standard",418,2.9036
"2091",TRUE,"budget",419,1.6808
"2092",FALSE,"extended",419,13.816
"2093",FALSE,"local",419,1.9502
"2094",FALSE,"metro",419,13.816
"2095",FALSE,"standard",419,1.7544
"2096",FALSE,"budget",420,2.4982
"2097",FALSE,"extended",420,13.816
"2098",TRUE,"local",420,1.9502
"2099",FALSE,"metro",420,13.816
"2100",FALSE,"standard",420,2.3665
"2101",FALSE,"budget",421,2.1815
"2102",FALSE,"extended",421,13.816
"2103",TRUE,"local",421,1.9502
"2104",FALSE,"metro",421,13.816
"2105",FALSE,"standard",421,1.9961
"2106",FALSE,"budget",422,1.4351
"2107",FALSE,"extended",422,13.816
"2108",FALSE,"local",422,1.9502
"2109",FALSE,"metro",422,13.816
"2110",TRUE,"standard",422,1.7544
"2111",TRUE,"budget",423,1.4725
"2112",FALSE,"extended",423,13.816
"2113",FALSE,"local",423,1.9502
"2114",FALSE,"metro",423,13.816
"2115",FALSE,"standard",423,1.7544
"2116",TRUE,"budget",424,2.2555
"2117",FALSE,"extended",424,13.816
"2118",FALSE,"local",424,1.9502
"2119",FALSE,"metro",424,13.816
"2120",FALSE,"standard",424,2.0844
"2121",FALSE,"budget",425,2.2192
"2122",FALSE,"extended",425,13.816
"2123",TRUE,"local",425,1.9502
"2124",FALSE,"metro",425,13.816
"2125",FALSE,"standard",425,2.0412
"2126",FALSE,"budget",426,2.5241
"2127",FALSE,"extended",426,13.816
"2128",FALSE,"local",426,2.1377
"2129",FALSE,"metro",426,13.816
"2130",TRUE,"standard",426,2.3961
"2131",FALSE,"budget",427,1.5129
"2132",FALSE,"extended",427,13.816
"2133",TRUE,"local",427,2.1377
"2134",FALSE,"metro",427,13.816
"2135",FALSE,"standard",427,1.7544
"2136",TRUE,"budget",428,1.9892
"2137",FALSE,"extended",428,13.816
"2138",FALSE,"local",428,2.1377
"2139",FALSE,"metro",428,13.816
"2140",FALSE,"standard",428,1.7596
"2141",FALSE,"budget",429,1.2698
"2142",FALSE,"extended",429,13.816
"2143",TRUE,"local",429,2.1377
"2144",FALSE,"metro",429,13.816
"2145",FALSE,"standard",429,1.7544
"2146",FALSE,"budget",430,2.3302
"2147",FALSE,"extended",430,13.816
"2148",FALSE,"local",430,2.1377
"2149",FALSE,"metro",430,13.816
"2150",TRUE,"standard",430,2.1725
"2151",FALSE,"budget",431,2.1471
"2152",FALSE,"extended",431,13.816
"2153",TRUE,"local",431,2.1377
"2154",FALSE,"metro",431,13.816
"2155",FALSE,"standard",431,1.9544
"2156",FALSE,"budget",432,1.9727
"2157",FALSE,"extended",432,13.816
"2158",FALSE,"local",432,2.1377
"2159",FALSE,"metro",432,13.816
"2160",TRUE,"standard",432,1.7544
"2161",FALSE,"budget",433,1.7851
"2162",FALSE,"extended",433,13.816
"2163",FALSE,"local",433,2.1377
"2164",FALSE,"metro",433,13.816
"2165",TRUE,"standard",433,1.7544
"2166",FALSE,"budget",434,2.245
"2167",FALSE,"extended",434,13.816
"2168",FALSE,"local",434,2.1377
"2169",FALSE,"metro",434,13.816
"2170",TRUE,"standard",434,2.0719
